{"val_loss":{"0":1407.9267146018,"1":1369.4896715552,"2":1350.3916939254,"3":1335.4685463694,"4":1324.6453711586,"5":1317.3652467981,"6":1313.5457790679,"7":1310.8943168168,"8":1314.9914874862,"9":1306.0479849756,"10":1306.8611093707,"11":1304.9699091278,"12":1302.0534179147,"13":1303.9243760911,"14":1304.3757621293,"15":1302.4669897029,"16":1310.4384306511,"17":1298.5396539469,"18":1322.1418413821,"19":1315.581515962,"20":1309.0239533281,"21":1308.2062145672,"22":1308.6713932004},"val_profile_predictions_loss":{"0":1365.687693368,"1":1328.9860202485,"2":1316.4916106368,"3":1301.9819117183,"4":1292.5200832671,"5":1289.2325471861,"6":1282.4916700515,"7":1283.7104773057,"8":1283.9420338859,"9":1276.7125649241,"10":1280.1192119227,"11":1275.8899965539,"12":1274.164533497,"13":1277.3096027205,"14":1275.8499836879,"15":1274.8827476839,"16":1281.2651729077,"17":1269.6711015279,"18":1293.8149603109,"19":1286.6160229708,"20":1279.9271823579,"21":1278.4709013542,"22":1279.0027711581},"val_logcount_predictions_loss":{"0":0.4223902359,"1":0.4050365243,"2":0.3390007832,"3":0.3348663414,"4":0.3212529284,"5":0.2813269965,"6":0.3105411447,"7":0.2718383758,"8":0.3104945454,"9":0.2933541753,"10":0.2674189817,"11":0.2907991709,"12":0.2788888677,"13":0.2661477329,"14":0.2852577972,"15":0.2758424237,"16":0.2917325793,"17":0.2886855409,"18":0.2832687561,"19":0.2896549086,"20":0.2909676751,"21":0.2973531849,"22":0.2966862318},"loss":{"0":1615.7998233835,"1":1471.2175486354,"2":1436.6745036236,"3":1415.7789307926,"4":1400.4304929071,"5":1388.6102198229,"6":1379.6778681384,"7":1371.0290148283,"8":1363.9329362086,"9":1357.946236251,"10":1353.0407146574,"11":1348.2223708625,"12":1344.0946382864,"13":1339.9771111097,"14":1336.8337393349,"15":1322.2115781122,"16":1317.5351854505,"17":1307.7769932476,"18":1303.5187216668,"19":1300.0734044125,"20":1292.7043268144,"21":1290.2979212068,"22":1287.5586344829},"profile_predictions_loss":{"0":1552.9266098504,"1":1429.5152650853,"2":1398.8596625077,"3":1380.2766315019,"4":1366.8844252094,"5":1356.8072349468,"6":1348.9976239977,"7":1341.8620311858,"8":1335.8105780029,"9":1331.1002083547,"10":1327.0947239605,"11":1323.4268815211,"12":1320.097426276,"13":1317.2191535388,"14":1314.8756317781,"15":1304.3056662469,"16":1300.6798514918,"17":1293.2400014134,"18":1289.6937298263,"19":1286.6389069246,"20":1280.5863753148,"21":1278.4022026945,"22":1276.0558137593},"logcount_predictions_loss":{"0":0.6287321277,"1":0.4170228378,"2":0.378148404,"3":0.3550230019,"4":0.3354606766,"5":0.3180298546,"6":0.3068024458,"7":0.2916698639,"8":0.2812235681,"9":0.2684602867,"10":0.2594599177,"11":0.2479548908,"12":0.2399721264,"13":0.2275795789,"14":0.2195810682,"15":0.1790591216,"16":0.1685533431,"17":0.1453699202,"18":0.1382499054,"19":0.1343449633,"20":0.1211795028,"21":0.1189571886,"22":0.1150282028},"lr":{"0":0.001,"1":0.001,"2":0.001,"3":0.001,"4":0.001,"5":0.001,"6":0.001,"7":0.001,"8":0.001,"9":0.001,"10":0.001,"11":0.001,"12":0.001,"13":0.001,"14":0.001,"15":0.0005,"16":0.0005,"17":0.00025,"18":0.00025,"19":0.00025,"20":0.000125,"21":0.000125,"22":0.0001},"times":{"0":{"start":"2020-06-27 21:05:52.022282","end":"2020-06-27 21:39:29.451202","elapsed":2017.4289731979},"1":{"start":"2020-06-27 21:39:29.451324","end":"2020-06-27 22:11:53.530672","elapsed":1944.0793755054},"2":{"start":"2020-06-27 22:11:53.571728","end":"2020-06-27 22:44:23.228417","elapsed":1949.65671134},"3":{"start":"2020-06-27 22:44:23.233608","end":"2020-06-27 23:16:55.818658","elapsed":1952.5850679874},"4":{"start":"2020-06-27 23:16:55.823856","end":"2020-06-27 23:49:14.081618","elapsed":1938.2577834129},"5":{"start":"2020-06-27 23:49:14.091885","end":"2020-06-28 00:21:35.259925","elapsed":1941.2301478386},"6":{"start":"2020-06-28 00:21:35.353014","end":"2020-06-28 00:54:27.908519","elapsed":1972.5555267334},"7":{"start":"2020-06-28 00:54:27.908615","end":"2020-06-28 01:26:43.481064","elapsed":1935.5724692345},"8":{"start":"2020-06-28 01:26:43.532189","end":"2020-06-28 01:58:56.738765","elapsed":1933.2065980434},"9":{"start":"2020-06-28 01:58:56.738839","end":"2020-06-28 02:31:12.466189","elapsed":1935.7979476452},"10":{"start":"2020-06-28 02:31:12.582141","end":"2020-06-28 03:03:33.076769","elapsed":1940.4946527481},"11":{"start":"2020-06-28 03:03:33.076842","end":"2020-06-28 03:35:48.235689","elapsed":1935.1588695049},"12":{"start":"2020-06-28 03:35:48.240892","end":"2020-06-28 04:08:04.940154","elapsed":1936.6992819309},"13":{"start":"2020-06-28 04:08:04.940227","end":"2020-06-28 04:40:25.985333","elapsed":1941.0451233387},"14":{"start":"2020-06-28 04:40:25.990515","end":"2020-06-28 05:13:02.611415","elapsed":1956.6209259033},"15":{"start":"2020-06-28 05:13:02.616632","end":"2020-06-28 05:45:55.724705","elapsed":1973.108091116},"16":{"start":"2020-06-28 05:45:55.724826","end":"2020-06-28 06:18:50.779350","elapsed":1975.0545532703},"17":{"start":"2020-06-28 06:18:50.789708","end":"2020-06-28 06:51:42.638055","elapsed":1971.8483688831},"18":{"start":"2020-06-28 06:51:42.638137","end":"2020-06-28 07:24:35.532481","elapsed":1972.8943636417},"19":{"start":"2020-06-28 07:24:35.532560","end":"2020-06-28 07:57:28.432097","elapsed":1972.8995559216},"20":{"start":"2020-06-28 07:57:28.452631","end":"2020-06-28 08:30:21.185292","elapsed":1972.7326803207},"21":{"start":"2020-06-28 08:30:21.185370","end":"2020-06-28 09:03:14.269132","elapsed":1973.0837814808},"22":{"start":"2020-06-28 09:03:14.269226","end":"2020-06-28 09:36:17.600455","elapsed":1983.3312516212}}}