{"val_loss":{"0":1017.431379814,"1":975.3803643718,"2":969.6953643933,"3":948.7025237903,"4":940.3384999011,"5":933.2261737034,"6":934.3096493624,"7":921.9448016331,"8":920.4110672064,"9":921.3599681434,"10":916.214569764,"11":922.9645318523,"12":917.6887973332,"13":912.5052318153,"14":915.509625271,"15":921.3789904086,"16":916.1630722248,"17":918.0654850762,"18":918.0987556894},"val_profile_predictions_loss":{"0":959.7397482448,"1":923.346071487,"2":913.0881890788,"3":902.1997653776,"4":895.5720626226,"5":888.4410876304,"6":889.8276883432,"7":882.7913127345,"8":881.608537716,"9":880.2590278256,"10":878.870968722,"11":876.0090574021,"12":879.2320938446,"13":874.7745054808,"14":875.185364845,"15":876.6421882529,"16":875.2950979897,"17":876.7125499574,"18":876.7328703624},"val_logcount_predictions_loss":{"0":0.5769163003,"1":0.5203429451,"2":0.5660717402,"3":0.4650275471,"4":0.4476643533,"5":0.4478508452,"6":0.4448196164,"7":0.3915348875,"8":0.3880252917,"9":0.4110094117,"10":0.3734360195,"11":0.469554754,"12":0.3845670231,"13":0.3773072779,"14":0.4032426037,"15":0.4473680029,"16":0.4086797472,"17":0.4135293739,"18":0.4136588387},"loss":{"0":1191.2982135371,"1":1025.6659473882,"2":998.2256295713,"3":983.0478322059,"4":971.4148842424,"5":961.8317376751,"6":954.2406452299,"7":947.9594523872,"8":942.5090228731,"9":937.3866736172,"10":932.885242175,"11":928.399186476,"12":924.6271582266,"13":913.760474063,"14":910.5514832032,"15":907.3926979794,"16":900.2591836566,"17":898.2691448352,"18":894.0820807168},"profile_predictions_loss":{"0":1058.7201371241,"1":968.1929637707,"2":945.6718938678,"3":933.1342159827,"4":923.9803790058,"5":916.9814102491,"6":911.2658203907,"7":906.584318325,"8":902.4854243289,"9":898.8081803533,"10":896.0916588371,"11":893.5366411672,"12":891.4997694481,"13":885.7645228152,"14":884.3699300087,"15":883.1577339722,"16":880.2232305931,"17":879.6113503818,"18":878.1067553111},"logcount_predictions_loss":{"0":1.3257807379,"1":0.5747298396,"2":0.5255373466,"3":0.4991361527,"4":0.4743450511,"5":0.44850327,"6":0.429748239,"7":0.4137513393,"8":0.4002359808,"9":0.3857849318,"10":0.3679358353,"11":0.3486254434,"12":0.3312738808,"13":0.2799595163,"14":0.2618155366,"15":0.242349644,"16":0.2003595339,"17":0.186577947,"18":0.1597532594},"lr":{"0":0.001,"1":0.001,"2":0.001,"3":0.001,"4":0.001,"5":0.001,"6":0.001,"7":0.001,"8":0.001,"9":0.001,"10":0.001,"11":0.001,"12":0.001,"13":0.0005,"14":0.0005,"15":0.0005,"16":0.00025,"17":0.00025,"18":0.000125},"times":{"0":{"start":"2020-06-25 16:48:16.546705","end":"2020-06-25 17:28:29.624384","elapsed":2413.077763319},"1":{"start":"2020-06-25 17:28:29.624592","end":"2020-06-25 18:08:10.895002","elapsed":2381.2704401016},"2":{"start":"2020-06-25 18:08:10.895146","end":"2020-06-25 18:47:49.846208","elapsed":2378.9510865211},"3":{"start":"2020-06-25 18:47:49.846324","end":"2020-06-25 19:27:30.578443","elapsed":2380.732152462},"4":{"start":"2020-06-25 19:27:30.578616","end":"2020-06-25 20:07:09.585186","elapsed":2379.0066013336},"5":{"start":"2020-06-25 20:07:09.585333","end":"2020-06-25 20:46:47.110017","elapsed":2377.524718523},"6":{"start":"2020-06-25 20:46:47.110186","end":"2020-06-25 21:26:25.309078","elapsed":2378.1989247799},"7":{"start":"2020-06-25 21:26:25.309243","end":"2020-06-25 22:06:05.401125","elapsed":2380.0919201374},"8":{"start":"2020-06-25 22:06:05.401308","end":"2020-06-25 22:45:44.362494","elapsed":2378.9612207413},"9":{"start":"2020-06-25 22:45:44.362657","end":"2020-06-25 23:25:22.691044","elapsed":2378.3284192085},"10":{"start":"2020-06-25 23:25:22.691202","end":"2020-06-26 00:05:04.258292","elapsed":2381.5671215057},"11":{"start":"2020-06-26 00:05:04.258421","end":"2020-06-26 00:44:43.478728","elapsed":2379.2203307152},"12":{"start":"2020-06-26 00:44:43.478838","end":"2020-06-26 01:24:23.236076","elapsed":2379.7572722435},"13":{"start":"2020-06-26 01:24:23.236250","end":"2020-06-26 02:04:03.309030","elapsed":2380.0728189945},"14":{"start":"2020-06-26 02:04:03.309194","end":"2020-06-26 02:43:42.042316","elapsed":2378.73315835},"15":{"start":"2020-06-26 02:43:42.042487","end":"2020-06-26 03:23:22.635313","elapsed":2380.5928585529},"16":{"start":"2020-06-26 03:23:22.645728","end":"2020-06-26 04:03:05.500183","elapsed":2382.8544893265},"17":{"start":"2020-06-26 04:03:05.500347","end":"2020-06-26 04:42:47.836053","elapsed":2382.3357419968},"18":{"start":"2020-06-26 04:42:47.836228","end":"2020-06-26 05:22:39.414215","elapsed":2391.5780115128}}}