{"val_loss":{"0":474.8482247942,"1":457.9912940229,"2":451.4267729831,"3":446.7777302472,"4":442.5360112714,"5":440.9316256308,"6":438.6289704604,"7":442.7667585604,"8":436.8086812455,"9":433.7656749218,"10":436.6936776045,"11":445.1338915522,"12":442.9926740172,"13":433.5642366795,"14":436.6335609745,"15":439.1126133913,"16":437.3913187898,"17":438.9289046271,"18":440.4844000491},"val_profile_predictions_loss":{"0":432.7564729018,"1":422.4484859753,"2":418.4830182908,"3":415.0791368429,"4":413.479966533,"5":411.572956416,"6":410.4133978166,"7":409.8190411694,"8":409.4303613563,"9":407.5053538063,"10":407.8272406958,"11":408.2259967782,"12":406.9703882471,"13":406.685430626,"14":406.967051247,"15":407.5562754725,"16":406.8065109694,"17":406.5106846804,"18":407.2888899787},"val_logcount_predictions_loss":{"0":0.4209175126,"1":0.3554280839,"2":0.3294375579,"3":0.3169859547,"4":0.2905604502,"5":0.2935866924,"6":0.2821557179,"7":0.3294771814,"8":0.2737832103,"9":0.2626032065,"10":0.2886643654,"11":0.3690789557,"12":0.3602228492,"13":0.2687880728,"14":0.2966651071,"15":0.3155633813,"16":0.3058480748,"17":0.3241822021,"18":0.3319550974},"loss":{"0":623.2177987747,"1":497.1559938459,"2":484.7014343181,"3":477.3457539003,"4":471.7078387564,"5":467.9541999081,"6":465.2299845001,"7":462.7040069661,"8":459.9745996191,"9":458.0658048481,"10":456.1000553469,"11":453.8667985117,"12":447.5682364178,"13":444.6477329148,"14":442.2653867049,"15":439.7981624225,"16":435.1744055805,"17":433.5663195551,"18":430.8692961155},"profile_predictions_loss":{"0":476.7086684959,"1":454.4117391327,"2":446.1099026679,"3":441.8607253121,"4":438.8058580527,"5":436.5771350331,"6":435.1103785526,"7":433.6753874644,"8":432.4084369251,"9":431.4561827041,"10":430.7196876798,"11":430.01944133,"12":428.209780654,"13":427.6128075624,"14":427.3079317161,"15":426.8620161412,"16":425.8583810421,"17":425.615339836,"18":424.8758146621},"logcount_predictions_loss":{"0":1.4650913406,"1":0.4274425459,"2":0.3859153178,"3":0.3548502858,"4":0.3290198042,"5":0.3137706436,"6":0.3011960625,"7":0.2902861983,"8":0.2756616235,"9":0.2660962276,"10":0.2538036759,"11":0.2384735719,"12":0.1935845575,"13":0.1703492526,"14":0.14957455,"15":0.1293614601,"16":0.0931602482,"17":0.0795097996,"18":0.0599348141},"lr":{"0":0.001,"1":0.001,"2":0.001,"3":0.001,"4":0.001,"5":0.001,"6":0.001,"7":0.001,"8":0.001,"9":0.001,"10":0.001,"11":0.001,"12":0.0005,"13":0.0005,"14":0.0005,"15":0.0005,"16":0.00025,"17":0.00025,"18":0.000125},"times":{"0":{"start":"2020-06-27 03:18:59.371908","end":"2020-06-27 03:51:27.542068","elapsed":1948.1702172756},"1":{"start":"2020-06-27 03:51:27.542226","end":"2020-06-27 04:23:33.971763","elapsed":1926.4295666218},"2":{"start":"2020-06-27 04:23:33.971935","end":"2020-06-27 04:55:44.451006","elapsed":1930.4791007042},"3":{"start":"2020-06-27 04:55:44.451168","end":"2020-06-27 05:27:49.630947","elapsed":1925.1798183918},"4":{"start":"2020-06-27 05:27:49.631091","end":"2020-06-27 05:59:56.854412","elapsed":1927.2233469486},"5":{"start":"2020-06-27 05:59:56.854542","end":"2020-06-27 06:32:03.766555","elapsed":1926.9120435715},"6":{"start":"2020-06-27 06:32:03.766695","end":"2020-06-27 07:04:10.557420","elapsed":1926.790756464},"7":{"start":"2020-06-27 07:04:10.557588","end":"2020-06-27 07:36:15.764535","elapsed":1925.2069666386},"8":{"start":"2020-06-27 07:36:15.764635","end":"2020-06-27 08:08:21.715811","elapsed":1925.9512045383},"9":{"start":"2020-06-27 08:08:21.715966","end":"2020-06-27 08:40:26.026304","elapsed":1924.3103718758},"10":{"start":"2020-06-27 08:40:26.026447","end":"2020-06-27 09:12:31.574583","elapsed":1925.5481698513},"11":{"start":"2020-06-27 09:12:31.574748","end":"2020-06-27 09:44:39.225519","elapsed":1927.6507947445},"12":{"start":"2020-06-27 09:44:39.225656","end":"2020-06-27 10:16:45.164756","elapsed":1925.9391210079},"13":{"start":"2020-06-27 10:16:45.164857","end":"2020-06-27 10:48:53.064650","elapsed":1927.8998186588},"14":{"start":"2020-06-27 10:48:53.064788","end":"2020-06-27 11:20:59.513067","elapsed":1926.4483082294},"15":{"start":"2020-06-27 11:20:59.569880","end":"2020-06-27 11:53:05.919419","elapsed":1926.3495676517},"16":{"start":"2020-06-27 11:53:05.919549","end":"2020-06-27 12:25:11.467595","elapsed":1925.5480759144},"17":{"start":"2020-06-27 12:25:11.467751","end":"2020-06-27 12:57:17.106018","elapsed":1925.6382968426},"18":{"start":"2020-06-27 12:57:17.106170","end":"2020-06-27 13:29:30.207007","elapsed":1933.1008577347}}}