{"val_loss":{"0":1213.6856614101,"1":1179.1136725783,"2":1164.9576604396,"3":1150.0938667957,"4":1142.3182601615,"5":1136.4816789038,"6":1145.3922548647,"7":1127.4427447535,"8":1123.668110663,"9":1119.620659471,"10":1122.5357414842,"11":1126.3226896058,"12":1124.1894845217,"13":1118.4563357506,"14":1120.4548093694,"15":1117.9940951626,"16":1123.4182972849,"17":1119.7795631189,"18":1121.7644422241,"19":1122.0147639773,"20":1125.4389889564},"val_profile_predictions_loss":{"0":1165.35082405,"1":1131.4930804217,"2":1125.5404238603,"3":1110.0889309856,"4":1098.0681946052,"5":1096.6689194416,"6":1095.8745353291,"7":1088.4654960475,"8":1086.0246712641,"9":1087.1738203386,"10":1086.8165361067,"11":1085.4720330886,"12":1086.2893377861,"13":1083.1624230907,"14":1086.6599367244,"15":1084.5846052758,"16":1084.5503592785,"17":1084.1919221603,"18":1085.9446099678,"19":1085.1788171839,"20":1086.6293437942},"val_logcount_predictions_loss":{"0":0.4833483862,"1":0.4762059267,"2":0.3941723652,"3":0.4000493635,"4":0.4425006441,"5":0.3981275855,"6":0.4951771332,"7":0.389772508,"8":0.3764343849,"9":0.3244684337,"10":0.3571920762,"11":0.4085065732,"12":0.3790014894,"13":0.352939104,"14":0.3379487299,"15":0.3340948851,"16":0.3886794139,"17":0.3558763897,"18":0.3581982832,"19":0.3683594332,"20":0.3880964468},"loss":{"0":1357.3989322403,"1":1229.9125093923,"2":1200.3709234441,"3":1183.2626013302,"4":1171.2063491673,"5":1161.1851548278,"6":1151.6598959914,"7":1144.9602229442,"8":1139.4776187045,"9":1133.8662782836,"10":1128.7477961568,"11":1125.3303724567,"12":1113.3363089848,"13":1109.5534637451,"14":1106.9543327257,"15":1104.5805536659,"16":1101.9820135913,"17":1099.6088902742,"18":1092.3621756248,"19":1090.4588173283,"20":1086.3985745328},"profile_predictions_loss":{"0":1279.672407991,"1":1182.4326013954,"2":1157.4308760856,"3":1142.6910343503,"4":1132.768259941,"5":1124.2748767445,"6":1116.7205225972,"7":1110.9431413373,"8":1106.7696068032,"9":1102.7648419426,"10":1098.9858811166,"11":1096.335313934,"12":1088.5228083935,"13":1086.1728069417,"14":1084.8428684864,"15":1083.5535776675,"16":1082.2429089296,"17":1081.336447025,"18":1077.5137882862,"19":1076.6786530726,"20":1074.6316787572},"logcount_predictions_loss":{"0":0.7772652528,"1":0.4747990827,"2":0.4294004725,"3":0.4057156762,"4":0.3843808931,"5":0.3691027788,"6":0.3493937298,"7":0.3401708048,"8":0.3270801225,"9":0.3110143551,"10":0.2976191456,"11":0.2899505914,"12":0.2481350058,"13":0.2338065639,"14":0.2211146391,"15":0.2102697484,"16":0.1973910471,"17":0.1827244186,"18":0.1484838805,"19":0.137801645,"20":0.1176689575},"lr":{"0":0.001,"1":0.001,"2":0.001,"3":0.001,"4":0.001,"5":0.001,"6":0.001,"7":0.001,"8":0.001,"9":0.001,"10":0.001,"11":0.001,"12":0.0005,"13":0.0005,"14":0.0005,"15":0.0005,"16":0.0005,"17":0.0005,"18":0.00025,"19":0.00025,"20":0.000125},"times":{"0":{"start":"2020-06-25 01:31:14.733293","end":"2020-06-25 02:15:04.489079","elapsed":2629.755859375},"1":{"start":"2020-06-25 02:15:04.489292","end":"2020-06-25 02:58:38.733633","elapsed":2614.2443697453},"2":{"start":"2020-06-25 02:58:38.738921","end":"2020-06-25 03:42:16.452223","elapsed":2617.7133312225},"3":{"start":"2020-06-25 03:42:16.452373","end":"2020-06-25 04:25:51.476758","elapsed":2615.024418354},"4":{"start":"2020-06-25 04:25:51.476951","end":"2020-06-25 05:09:31.329765","elapsed":2619.8528442383},"5":{"start":"2020-06-25 05:09:31.329922","end":"2020-06-25 05:53:07.717801","elapsed":2616.3879158497},"6":{"start":"2020-06-25 05:53:07.717992","end":"2020-06-25 06:36:43.483399","elapsed":2615.7654476166},"7":{"start":"2020-06-25 06:36:43.483571","end":"2020-06-25 07:20:17.437670","elapsed":2613.9541292191},"8":{"start":"2020-06-25 07:20:17.437826","end":"2020-06-25 08:03:56.691993","elapsed":2619.2541997433},"9":{"start":"2020-06-25 08:03:56.692145","end":"2020-06-25 08:47:33.930343","elapsed":2617.2382311821},"10":{"start":"2020-06-25 08:47:33.940799","end":"2020-06-25 09:31:10.713530","elapsed":2616.7727708817},"11":{"start":"2020-06-25 09:31:10.713705","end":"2020-06-25 10:14:48.440988","elapsed":2617.727316618},"12":{"start":"2020-06-25 10:14:48.497337","end":"2020-06-25 10:58:25.963054","elapsed":2617.4657495022},"13":{"start":"2020-06-25 10:58:25.963211","end":"2020-06-25 11:41:57.648705","elapsed":2611.6855270863},"14":{"start":"2020-06-25 11:41:57.648892","end":"2020-06-25 12:25:34.028920","elapsed":2616.3800485134},"15":{"start":"2020-06-25 12:25:34.029020","end":"2020-06-25 13:09:05.566183","elapsed":2611.5371897221},"16":{"start":"2020-06-25 13:09:05.566314","end":"2020-06-25 13:52:40.165253","elapsed":2614.5989735126},"17":{"start":"2020-06-25 13:52:40.165431","end":"2020-06-25 14:36:13.628451","elapsed":2613.4630470276},"18":{"start":"2020-06-25 14:36:13.633693","end":"2020-06-25 15:19:50.210244","elapsed":2616.5765843391},"19":{"start":"2020-06-25 15:19:50.210411","end":"2020-06-25 16:03:29.363814","elapsed":2619.153427124},"20":{"start":"2020-06-25 16:03:29.374162","end":"2020-06-25 16:47:12.482246","elapsed":2623.1081130505}}}