query	significant	p_value	term_size	query_size	intersection_size	precision	recall	term_id	source	term_name	effective_domain_size	source_order	enrichment
query_1	TRUE	0.00445269169358222	641	134	16	0.119402985074627	0.0249609984399376	GO:0030425	GO:CC	dendrite	18964	1100	3.53254010757445
query_1	TRUE	0.00462746995217073	643	134	16	0.119402985074627	0.0248833592534992	GO:0097447	GO:CC	dendritic tree	18964	3357	3.52155242450268
query_1	TRUE	0.00497817884967244	1384	135	25	0.185185185185185	0.0180635838150289	GO:0043005	GO:CC	neuron projection	18964	2094	2.53746521087562
query_1	TRUE	0.00520030389828067	875	135	19	0.140740740740741	0.0217142857142857	GO:0036477	GO:CC	somatodendritic compartment	18964	1964	3.05029417989418
query_1	TRUE	0.0179770417371385	7	27	2	0.0740740740740741	0.285714285714286	GO:0008467	GO:MF	[heparan sulfate]-glucosamine 3-sulfotransferase 1 activity	18679	2188	197.661375661376
query_1	TRUE	0.0196626668844125	519	27	7	0.259259259259259	0.0134874759152216	MIRNA:hsa-miR-548c-3p	MIRNA	hsa-miR-548c-3p	14823	1704	7.40462427745665
query_1	TRUE	0.0332043997231431	143	134	7	0.0522388059701493	0.048951048951049	GO:0022843	GO:MF	voltage-gated cation channel activity	18679	4677	6.82355703997495
query_1	TRUE	0.038350970917591	1725	214	37	0.172897196261682	0.0214492753623188	GO:0031226	GO:CC	intrinsic component of plasma membrane	18964	1239	1.90076662603278
