query	significant	p_value	term_size	query_size	intersection_size	precision	recall	term_id	source	term_name	effective_domain_size	source_order	enrichment
query_1	TRUE	0.0226737786099467	1593	65	16	0.246153846153846	0.0100439422473321	GO:0005794	GO:CC	Golgi apparatus	18964	438	2.93035878120624
query_1	TRUE	0.0238464571183442	4	25	2	0.08	0.5	TF:M11051_1	TF	Factor: arnt2; motif: GTCACGTGMN; match class: 1	19917	195	398.34
query_1	TRUE	0.0242186360860888	1364	28	10	0.357142857142857	0.00733137829912024	TF:M11000_1	TF	Factor: LIM-1; motif: NYAATTAN; match class: 1	19917	4481	5.21496648512777
query_1	TRUE	0.0245526714175067	6603	113	60	0.530973451327434	0.00908677873693776	TF:M02097_1	TF	Factor: LHX3; motif: ATTAAW; match class: 1	19917	4499	1.60160506286362
query_1	TRUE	0.0255920380594974	276	4	3	0.75	0.0108695652173913	GO:0033673	GO:BP	negative regulation of kinase activity	18123	9629	49.2472826086957
query_1	TRUE	0.0343818422922625	2541	57	20	0.350877192982456	0.00787091696182605	TF:M01252	TF	Factor: E2F-6; motif: CNTTTCNT	19917	1450	2.75026408997701
query_1	TRUE	0.0374514722548258	2	82	2	0.024390243902439	1	GO:0002337	GO:BP	B-1a B cell differentiation	18123	1001	221.012195121951
query_1	TRUE	0.0376746891682091	314	4	3	0.75	0.00955414012738853	GO:0051348	GO:BP	negative regulation of transferase activity	18123	15834	43.2874203821656
query_1	TRUE	0.0390533994685689	54	4	2	0.5	0.037037037037037	WP:WP3286	WP	Copper homeostasis	7562	114	70.0185185185185
query_1	TRUE	0.0476387522236079	4651	20	13	0.65	0.00279509782842399	GO:0012505	GO:CC	endomembrane system	18964	817	2.65031176091163
