cluster_idx	mot1_log2fc	mot2_log2fc	mot3_log2fc	all_log2fc
5	0.11725295	0.5984102	0.7702147	1.2442044
4	0.10018609	0.14388207	0.28717387	0.41972572
8	0.22624111	0.55394304	0.44346622	0.8277002
2	0.1615722	0.17865421	0.2294627	0.46713445
7	0.22752754	0.052718874	0.11689454	0.23198602
1	0.029838301	0.057708435	0.09269314	0.08532953
16	-0.021658806	0.11932156	-0.07260832	-0.0011213269
