{"val_loss":{"0":1198.5274968641,"1":1145.8170302819,"2":1131.4167364712,"3":1109.3430128426,"4":1101.1754984362,"5":1097.0379073044,"6":1091.3440546496,"7":1082.0315283414,"8":1077.6377710803,"9":1082.0223838543,"10":1078.6071361673,"11":1084.5022246262,"12":1073.8642638634,"13":1072.3595907277,"14":1072.1891976718,"15":1070.6425965408,"16":1073.3136480923,"17":1080.4737680369,"18":1079.7724398909,"19":1079.3639102804,"20":1079.9691919787},"val_profile_predictions_loss":{"0":1138.5101968173,"1":1088.6168765364,"2":1077.8760047123,"3":1059.8215221537,"4":1056.6680024246,"5":1052.389420608,"6":1045.4943047885,"7":1040.7305887157,"8":1038.3211454194,"9":1039.0489194147,"10":1038.6875476179,"11":1037.1615497984,"12":1034.5878177511,"13":1034.4099494671,"14":1033.693996561,"15":1032.007681748,"16":1033.7575336325,"17":1034.9490858933,"18":1036.4798202515,"19":1035.3351608803,"20":1035.3562116952},"val_logcount_predictions_loss":{"0":0.6001730157,"1":0.5720015374,"2":0.535407303,"3":0.4952148976,"4":0.4450749842,"5":0.4464848589,"6":0.4584975085,"7":0.4130094186,"8":0.3931662523,"9":0.4297346514,"10":0.3991958679,"11":0.4734067257,"12":0.3927644998,"13":0.3794964128,"14":0.3849520258,"15":0.3863491525,"16":0.3955611507,"17":0.4552468038,"18":0.4329261938,"19":0.4402874998,"20":0.446129827},"loss":{"0":1389.9481326233,"1":1200.5715090818,"2":1170.3944247726,"3":1150.6014434846,"4":1134.4917160209,"5":1123.7436209988,"6":1115.4781840367,"7":1108.2060723807,"8":1101.2890555627,"9":1095.6848503805,"10":1090.6128940682,"11":1078.1686798509,"12":1073.484759636,"13":1070.2531392373,"14":1066.8588406719,"15":1064.0440261093,"16":1060.9083096342,"17":1058.2612230223,"18":1050.5911883373,"19":1048.0407019527,"20":1043.4064742517},"profile_predictions_loss":{"0":1238.5402107119,"1":1142.0396163033,"2":1116.9699305752,"3":1101.1087938295,"4":1087.7460541949,"5":1079.5815188475,"6":1072.9347338791,"7":1067.2879146063,"8":1061.8927076736,"9":1057.9722803014,"10":1054.224910923,"11":1046.4817693907,"12":1044.0059325981,"13":1042.1278078718,"14":1040.6382777559,"15":1039.312641641,"16":1037.9751399481,"17":1037.1514165439,"18":1033.7288093129,"19":1032.7143980152,"20":1030.5996332099},"logcount_predictions_loss":{"0":1.5140792297,"1":0.585318929,"2":0.5342449451,"3":0.494926495,"4":0.4674566192,"5":0.4416210246,"6":0.4254345062,"7":0.4091815844,"8":0.3939634832,"9":0.3771257088,"10":0.3638798255,"11":0.3168691155,"12":0.2947882755,"13":0.2812533145,"14":0.2622056229,"15":0.2473138381,"16":0.2293317046,"17":0.2110980634,"18":0.1686237876,"19":0.1532630509,"20":0.1280684016},"lr":{"0":0.001,"1":0.001,"2":0.001,"3":0.001,"4":0.001,"5":0.001,"6":0.001,"7":0.001,"8":0.001,"9":0.001,"10":0.001,"11":0.0005,"12":0.0005,"13":0.0005,"14":0.0005,"15":0.0005,"16":0.0005,"17":0.0005,"18":0.00025,"19":0.00025,"20":0.000125},"times":{"0":{"start":"2020-06-26 12:06:41.849441","end":"2020-06-26 12:47:54.752940","elapsed":2472.9036056995},"1":{"start":"2020-06-26 12:47:54.753122","end":"2020-06-26 13:28:54.281562","elapsed":2459.5284717083},"2":{"start":"2020-06-26 13:28:54.281730","end":"2020-06-26 14:09:46.797198","elapsed":2452.5155239105},"3":{"start":"2020-06-26 14:09:46.797410","end":"2020-06-26 14:50:37.546893","elapsed":2450.7495388985},"4":{"start":"2020-06-26 14:50:37.547130","end":"2020-06-26 15:31:28.900030","elapsed":2451.3529281616},"5":{"start":"2020-06-26 15:31:28.900220","end":"2020-06-26 16:12:19.903804","elapsed":2451.0036261082},"6":{"start":"2020-06-26 16:12:19.904006","end":"2020-06-26 16:53:11.390522","elapsed":2451.4865467548},"7":{"start":"2020-06-26 16:53:11.390683","end":"2020-06-26 17:33:59.601328","elapsed":2448.2106769085},"8":{"start":"2020-06-26 17:33:59.601493","end":"2020-06-26 18:14:49.012088","elapsed":2449.410626173},"9":{"start":"2020-06-26 18:14:49.022485","end":"2020-06-26 18:55:36.831940","elapsed":2447.809482336},"10":{"start":"2020-06-26 18:55:36.832054","end":"2020-06-26 19:36:24.101484","elapsed":2447.2694683075},"11":{"start":"2020-06-26 19:36:24.101735","end":"2020-06-26 20:17:10.014052","elapsed":2445.9123475552},"12":{"start":"2020-06-26 20:17:10.014225","end":"2020-06-26 20:57:58.100750","elapsed":2448.0865521431},"13":{"start":"2020-06-26 20:57:58.100905","end":"2020-06-26 21:38:48.294948","elapsed":2450.1940789223},"14":{"start":"2020-06-26 21:38:48.295134","end":"2020-06-26 22:19:37.774176","elapsed":2449.479072094},"15":{"start":"2020-06-26 22:19:37.774312","end":"2020-06-26 23:00:27.972473","elapsed":2450.1981859207},"16":{"start":"2020-06-26 23:00:27.972599","end":"2020-06-26 23:41:14.076986","elapsed":2446.1044199467},"17":{"start":"2020-06-26 23:41:14.077174","end":"2020-06-27 00:22:01.124366","elapsed":2447.0472159386},"18":{"start":"2020-06-27 00:22:01.124476","end":"2020-06-27 01:02:44.640350","elapsed":2443.5159032345},"19":{"start":"2020-06-27 01:02:44.640518","end":"2020-06-27 01:43:32.709574","elapsed":2448.0690906048},"20":{"start":"2020-06-27 01:43:32.709750","end":"2020-06-27 02:24:25.887824","elapsed":2453.1781113148}}}