{"val_loss":{"0":1164.6349904472,"1":1123.0565003561,"2":1105.5369147904,"3":1085.0955860943,"4":1074.1092151327,"5":1081.4215913825,"6":1068.2763159516,"7":1062.8249100151,"8":1055.2185033396,"9":1053.4166231768,"10":1058.8568829178,"11":1075.4034267041,"12":1055.9655800916,"13":1050.5807119947,"14":1051.020829227,"15":1050.445035602,"16":1056.6319851657,"17":1063.3131257503,"18":1057.2711419622,"19":1059.0493564431,"20":1060.538722607},"val_profile_predictions_loss":{"0":1102.1467929105,"1":1062.2489388842,"2":1049.6885969529,"3":1036.2253720345,"4":1026.4265475492,"5":1029.6763694833,"6":1018.667011226,"7":1015.9969339633,"8":1011.9240815049,"9":1010.0508492846,"10":1011.9453217393,"11":1015.3967635128,"12":1011.9024761795,"13":1008.3023398863,"14":1007.7730197732,"15":1006.8806003956,"16":1010.2890680996,"17":1013.2084288991,"18":1010.3466740879,"19":1011.466028056,"20":1011.9447718629},"val_logcount_predictions_loss":{"0":0.6248819656,"1":0.6080756736,"2":0.5584831771,"3":0.4887021427,"4":0.4768266533,"5":0.5174521771,"6":0.4960930563,"7":0.4682797724,"8":0.4329442084,"9":0.4336577394,"10":0.4691156126,"11":0.6000666591,"12":0.4406310224,"13":0.4227836807,"14":0.4324780932,"15":0.435644352,"16":0.463429165,"17":0.5010469749,"18":0.4692446926,"19":0.475833276,"20":0.4859394495},"loss":{"0":1371.8186528639,"1":1188.8969186467,"2":1152.134003378,"3":1134.3983489365,"4":1120.6503673526,"5":1109.852077634,"6":1101.4578222751,"7":1093.5403301532,"8":1085.7457644236,"9":1080.4677639799,"10":1074.4491209654,"11":1069.050403082,"12":1055.1075708319,"13":1049.8943753688,"14":1045.9567118203,"15":1043.032264055,"16":1039.6480420043,"17":1035.9577746832,"18":1027.2220192483,"19":1024.4640449224,"20":1019.6021464379},"profile_predictions_loss":{"0":1233.6449679199,"1":1125.0803785044,"2":1094.9730306688,"3":1079.5222924913,"4":1068.900038668,"5":1059.9307941718,"6":1053.0443360118,"7":1046.7947622784,"8":1041.3291278411,"9":1037.3208654981,"10":1033.1689132243,"11":1029.6071044044,"12":1020.9741507838,"13":1018.2846583085,"14":1016.2285358237,"15":1015.0362695083,"16":1013.7322936573,"17":1012.2953277064,"18":1008.2507229981,"19":1007.1246956686,"20":1005.1003009266},"logcount_predictions_loss":{"0":1.3817368445,"1":0.6381653938,"2":0.5716097262,"3":0.5487605652,"4":0.517503282,"5":0.4992128266,"6":0.4841348621,"7":0.4674556811,"8":0.4441663691,"9":0.4314689925,"10":0.4128020705,"11":0.3944329901,"12":0.3413342006,"13":0.3160971813,"14":0.2972817609,"15":0.2799599527,"16":0.2591574864,"17":0.2366244744,"18":0.1897129551,"19":0.1733934888,"20":0.1450184504},"lr":{"0":0.001,"1":0.001,"2":0.001,"3":0.001,"4":0.001,"5":0.001,"6":0.001,"7":0.001,"8":0.001,"9":0.001,"10":0.001,"11":0.001,"12":0.0005,"13":0.0005,"14":0.0005,"15":0.0005,"16":0.0005,"17":0.0005,"18":0.00025,"19":0.00025,"20":0.000125},"times":{"0":{"start":"2020-06-25 22:34:39.417719","end":"2020-06-25 23:13:50.522125","elapsed":2351.1044821739},"1":{"start":"2020-06-25 23:13:50.522294","end":"2020-06-25 23:52:28.987275","elapsed":2318.4650189877},"2":{"start":"2020-06-25 23:52:28.987458","end":"2020-06-26 00:31:06.656250","elapsed":2317.6688292027},"3":{"start":"2020-06-26 00:31:06.656418","end":"2020-06-26 01:09:39.047147","elapsed":2312.390761137},"4":{"start":"2020-06-26 01:09:39.047302","end":"2020-06-26 01:48:17.018626","elapsed":2317.9713623524},"5":{"start":"2020-06-26 01:48:17.018797","end":"2020-06-26 02:26:48.968687","elapsed":2311.9499270916},"6":{"start":"2020-06-26 02:26:48.968872","end":"2020-06-26 03:05:27.660206","elapsed":2318.6913714409},"7":{"start":"2020-06-26 03:05:27.660384","end":"2020-06-26 03:44:03.072569","elapsed":2315.4122238159},"8":{"start":"2020-06-26 03:44:03.108570","end":"2020-06-26 04:22:40.142426","elapsed":2317.0339004993},"9":{"start":"2020-06-26 04:22:40.142610","end":"2020-06-26 05:01:18.363647","elapsed":2318.2210731506},"10":{"start":"2020-06-26 05:01:18.363825","end":"2020-06-26 05:39:55.391162","elapsed":2317.0273680687},"11":{"start":"2020-06-26 05:39:55.391326","end":"2020-06-26 06:18:32.943925","elapsed":2317.5526373386},"12":{"start":"2020-06-26 06:18:32.944108","end":"2020-06-26 06:57:09.132331","elapsed":2316.1882605553},"13":{"start":"2020-06-26 06:57:09.132514","end":"2020-06-26 07:35:42.320148","elapsed":2313.187669754},"14":{"start":"2020-06-26 07:35:42.320315","end":"2020-06-26 08:14:15.897145","elapsed":2313.5768675804},"15":{"start":"2020-06-26 08:14:15.897302","end":"2020-06-26 08:52:48.844252","elapsed":2312.9469852448},"16":{"start":"2020-06-26 08:52:48.844416","end":"2020-06-26 09:31:22.466124","elapsed":2313.6217577457},"17":{"start":"2020-06-26 09:31:22.466310","end":"2020-06-26 10:09:59.560545","elapsed":2317.0942583084},"18":{"start":"2020-06-26 10:09:59.560643","end":"2020-06-26 10:48:36.349626","elapsed":2316.7890183926},"19":{"start":"2020-06-26 10:48:36.349781","end":"2020-06-26 11:27:11.566836","elapsed":2315.2171087265},"20":{"start":"2020-06-26 11:27:11.567021","end":"2020-06-26 12:05:56.494762","elapsed":2324.9277732372}}}