query	significant	p_value	term_size	query_size	intersection_size	precision	recall	term_id	source	term_name	effective_domain_size	source_order	enrichment
query_1	TRUE	0.000396863010599658	661	165	20	0.121212121212121	0.0302571860816944	GO:0030424	GO:CC	axon	18964	1099	3.47755925365608
query_1	TRUE	0.00238725141193564	6164	158	83	0.525316455696203	0.013465282284231	GO:0048856	GO:BP	anatomical structure development	18123	15191	1.54450196732354
query_1	TRUE	0.00436258897532067	25	158	5	0.0316455696202532	0.2	GO:0033032	GO:BP	regulation of myeloid cell apoptotic process	18123	9228	22.9405063291139
query_1	TRUE	0.00604185357051254	421	165	14	0.0848484848484849	0.0332541567695962	GO:0062023	GO:CC	collagen-containing extracellular matrix	18964	2679	3.82201108471892
query_1	TRUE	0.00943431443906348	6678	158	86	0.544303797468354	0.0128781072177299	GO:0032502	GO:BP	developmental process	18123	8832	1.4771515006767
query_1	TRUE	0.00948047950441465	29	158	5	0.0316455696202532	0.172413793103448	GO:0033028	GO:BP	myeloid cell apoptotic process	18123	9224	19.776298559581
query_1	TRUE	0.0161902949879569	2107	165	36	0.218181818181818	0.0170859041290935	GO:0030054	GO:CC	cell junction	18964	1026	1.96373991457048
query_1	TRUE	0.0286117520422732	5670	158	75	0.474683544303797	0.0132275132275132	GO:0007275	GO:BP	multicellular organism development	18123	3179	1.51722925457103
query_1	TRUE	0.0321958522534485	4258	171	61	0.35672514619883	0.0143259746359793	TF:M11905	TF	Factor: POU3F2; motif: NTAATTTATGCGY	19917	6460	1.66859904575907
query_1	TRUE	0.0323504136803531	3	72	2	0.0277777777777778	0.666666666666667	WP:WP2645	WP	Heroin metabolism	7562	468	70.0185185185185
query_1	TRUE	0.0372758418999769	562	165	15	0.0909090909090909	0.0266903914590747	GO:0031012	GO:CC	extracellular matrix	18964	1199	3.06761565836299
query_1	TRUE	0.0380102534287649	563	165	15	0.0909090909090909	0.0266429840142096	GO:0030312	GO:CC	external encapsulating structure	18964	1094	3.06216696269982
