{"val_loss":{"0":750.4690314728,"1":729.9461151419,"2":712.0085452182,"3":699.0340045818,"4":695.548601169,"5":692.4630983223,"6":688.4246769877,"7":682.1340391289,"8":678.588132099,"9":678.3849502119,"10":680.3251422771,"11":677.2558238205,"12":673.6453786313,"13":675.0780571502,"14":674.1965432769,"15":671.7803718048,"16":672.5086068459,"17":675.8946580609,"18":677.5622146755,"19":678.19455519,"20":676.7680358887},"val_profile_predictions_loss":{"0":700.0566758832,"1":677.6157199897,"2":667.6050335042,"3":657.8620131409,"4":653.3944416231,"5":650.6511431944,"6":648.8179561282,"7":643.6378713071,"8":642.5412970978,"9":642.8468399789,"10":642.9592205159,"11":640.1658945917,"12":640.0873069393,"13":641.6104517076,"14":637.6195219466,"15":638.1015971656,"16":638.1222852688,"17":638.5918460587,"18":638.0726931674,"19":638.3838108396,"20":637.9935169405},"val_logcount_predictions_loss":{"0":0.5041235468,"1":0.5233039629,"2":0.4440351113,"3":0.4117199142,"4":0.4215416098,"5":0.4181195526,"6":0.3960672129,"7":0.3849616813,"8":0.3604683487,"9":0.3553810913,"10":0.3736592132,"11":0.3708992885,"12":0.3355807325,"13":0.3346760678,"14":0.3657702287,"15":0.3367877682,"16":0.3438632174,"17":0.3730281163,"18":0.3948952074,"19":0.3981074436,"20":0.387745179},"loss":{"0":1055.7365268139,"1":771.292926422,"2":749.0431389746,"3":738.118857982,"4":729.5811325696,"5":722.7664893898,"6":716.8835897769,"7":711.9773882821,"8":708.1741151201,"9":703.9515155531,"10":700.5151978592,"11":697.2435603523,"12":693.9999405793,"13":690.5642108972,"14":687.875414295,"15":679.0258267158,"16":676.1263749582,"17":673.4427571486,"18":668.1845682593,"19":666.3423383997,"20":663.3359926738},"profile_predictions_loss":{"0":765.2561693943,"1":719.473175277,"2":701.790218939,"3":693.6907387591,"4":687.0176550068,"5":681.5657837721,"6":677.6367220316,"7":674.163483912,"8":671.7409882943,"9":669.3420044963,"10":667.5394979765,"11":665.6106667938,"12":664.240806154,"13":662.8470969132,"14":661.7880665284,"15":658.4892889794,"16":657.5976301197,"17":656.8873090431,"18":655.2603102734,"19":654.7237712911,"20":653.928551839},"logcount_predictions_loss":{"0":2.9048035832,"1":0.5181975151,"2":0.4725292048,"3":0.444281191,"4":0.4256347757,"5":0.412007064,"6":0.3924686786,"7":0.3781390442,"8":0.3643312753,"9":0.3460951136,"10":0.3297569978,"11":0.3163289447,"12":0.2975913434,"13":0.2771711461,"14":0.260873468,"15":0.2053653756,"16":0.1852874462,"17":0.1655544814,"18":0.1292425824,"19":0.1161856707,"20":0.0940744116},"lr":{"0":0.001,"1":0.001,"2":0.001,"3":0.001,"4":0.001,"5":0.001,"6":0.001,"7":0.001,"8":0.001,"9":0.001,"10":0.001,"11":0.001,"12":0.001,"13":0.001,"14":0.001,"15":0.0005,"16":0.0005,"17":0.0005,"18":0.00025,"19":0.00025,"20":0.000125},"times":{"0":{"start":"2020-06-27 02:25:00.392922","end":"2020-06-27 03:02:39.155501","elapsed":2258.7627122402},"1":{"start":"2020-06-27 03:02:39.155710","end":"2020-06-27 03:39:45.154800","elapsed":2225.9991209507},"2":{"start":"2020-06-27 03:39:45.154941","end":"2020-06-27 04:16:51.153372","elapsed":2225.9984662533},"3":{"start":"2020-06-27 04:16:51.153537","end":"2020-06-27 04:53:58.212140","elapsed":2227.0586385727},"4":{"start":"2020-06-27 04:53:58.212330","end":"2020-06-27 05:31:04.664557","elapsed":2226.4522628784},"5":{"start":"2020-06-27 05:31:04.664697","end":"2020-06-27 06:08:09.405744","elapsed":2224.7410914898},"6":{"start":"2020-06-27 06:08:09.405957","end":"2020-06-27 06:45:13.732915","elapsed":2224.3269870281},"7":{"start":"2020-06-27 06:45:13.733061","end":"2020-06-27 07:22:18.612962","elapsed":2224.8799426556},"8":{"start":"2020-06-27 07:22:18.613168","end":"2020-06-27 07:59:21.521809","elapsed":2222.9086754322},"9":{"start":"2020-06-27 07:59:21.521986","end":"2020-06-27 08:36:27.378909","elapsed":2225.8569691181},"10":{"start":"2020-06-27 08:36:27.394456","end":"2020-06-27 09:13:32.140958","elapsed":2224.7465288639},"11":{"start":"2020-06-27 09:13:32.141073","end":"2020-06-27 09:50:35.517364","elapsed":2223.3763284683},"12":{"start":"2020-06-27 09:50:35.517522","end":"2020-06-27 10:27:38.754874","elapsed":2223.2373890877},"13":{"start":"2020-06-27 10:27:38.755033","end":"2020-06-27 11:04:43.106442","elapsed":2224.351446867},"14":{"start":"2020-06-27 11:04:43.106621","end":"2020-06-27 11:41:47.321712","elapsed":2224.2151408195},"15":{"start":"2020-06-27 11:41:47.322069","end":"2020-06-27 12:18:54.202364","elapsed":2226.8803277016},"16":{"start":"2020-06-27 12:18:54.202525","end":"2020-06-27 12:55:59.256875","elapsed":2225.0543823242},"17":{"start":"2020-06-27 12:55:59.257048","end":"2020-06-27 13:33:06.571088","elapsed":2227.3140726089},"18":{"start":"2020-06-27 13:33:06.571228","end":"2020-06-27 14:10:10.082947","elapsed":2223.5117516518},"19":{"start":"2020-06-27 14:10:10.108795","end":"2020-06-27 14:47:15.931696","elapsed":2225.8229343891},"20":{"start":"2020-06-27 14:47:15.931844","end":"2020-06-27 15:24:31.765094","elapsed":2235.833291769}}}