cluster	jsd
1	0.3803773554246085
2	0.44243648537304703
3	0.5118831101794334
4	0.44292941731309393
5	0.5195852323788677
6	0.48868660485815596
7	0.5214574650416708
8	0.39362715214411237
9	0.5307172365945311
10	0.5268026912611142
11	0.4986321466808312
12	0.4833663356631518
13	0.520506411765398
14	0.44161625997964093
15	0.5226646864315472
