{"val_loss":{"0":317.1722237795,"1":311.4532574343,"2":298.994108584,"3":293.3670953729,"4":291.5283324496,"5":281.5746686221,"6":290.9872762677,"7":276.3499093813,"8":272.4129579734,"9":270.1893433916,"10":268.5235300267,"11":269.3300024054,"12":266.2349022149,"13":271.766146421,"14":270.6737399437,"15":269.4350042265,"16":279.9564351833,"17":266.0185432497,"18":267.0362479402,"19":268.7178575232,"20":268.3046021407,"21":270.191523875,"22":276.5413589353},"val_profile_predictions_loss":{"0":190.4609893075,"1":189.1967258859,"2":186.8597099317,"3":185.8213564284,"4":184.7008672611,"5":184.2094879525,"6":183.4920700748,"7":182.5019670977,"8":181.9514035164,"9":181.473186649,"10":181.3375868228,"11":181.2085236645,"12":181.3175186807,"13":181.1266898048,"14":181.0346656462,"15":180.9992962477,"16":181.2399013788,"17":180.621093263,"18":180.829649418,"19":180.6700854387,"20":180.6745474982,"21":180.7202611945,"22":181.0898268554},"val_logcount_predictions_loss":{"0":1.2671123521,"1":1.2225653067,"2":1.1213439899,"3":1.0754573953,"4":1.0682746497,"5":0.9736518059,"6":1.0749520553,"7":0.938479418,"8":0.904615544,"9":0.8871615631,"10":0.8718594324,"11":0.8812147811,"12":0.8491738402,"13":0.9063945638,"14":0.8963907419,"15":0.8843570837,"16":0.987165336,"17":0.8539745055,"18":0.8620659838,"19":0.8804777209,"20":0.8763005432,"21":0.8947126245,"22":0.9545153203},"loss":{"0":341.3959071055,"1":321.1287449515,"2":311.549517539,"3":303.5983899716,"4":297.0731918387,"5":292.5708308122,"6":288.9097784638,"7":284.9735148629,"8":280.7415086529,"9":277.4328180667,"10":274.7587161927,"11":271.8463130423,"12":269.77418996,"13":267.702833384,"14":265.5040017194,"15":263.6305489303,"16":261.3828607884,"17":259.0416235723,"18":257.0494939398,"19":255.1219018742,"20":252.5782789955,"21":249.8428110045,"22":247.3749471042},"profile_predictions_loss":{"0":204.4793572743,"1":197.9978697131,"2":195.9901383329,"3":194.2939566167,"4":193.0778068924,"5":192.2475780359,"6":191.5217094028,"7":190.7587305,"8":189.9465099084,"9":189.4499359918,"10":189.0405042749,"11":188.7535372269,"12":188.4583190644,"13":188.2824699367,"14":188.1968974907,"15":188.0319788228,"16":187.9022888128,"17":187.86401832,"18":187.7756120945,"19":187.743234225,"20":187.6903013444,"21":187.6524157222,"22":187.6012909236},"logcount_predictions_loss":{"0":1.3691654993,"1":1.2313087503,"2":1.1555937892,"3":1.0930443304,"4":1.0399538515,"5":1.003232527,"6":0.9738806909,"7":0.9421478462,"8":0.9079499872,"9":0.8798288223,"10":0.8571821168,"11":0.8309277608,"12":0.81315871,"13":0.794203635,"14":0.7730710419,"15":0.7559857022,"16":0.7348057193,"17":0.7117760522,"18":0.6927388198,"19":0.6737866762,"20":0.6488797764,"21":0.6219039521,"22":0.5977365624},"lr":{"0":0.0001,"1":0.0001,"2":0.0001,"3":0.0001,"4":0.0001,"5":0.0001,"6":0.0001,"7":0.0001,"8":0.0001,"9":0.0001,"10":0.0001,"11":0.0001,"12":0.0001,"13":0.0001,"14":0.0001,"15":0.0001,"16":0.0001,"17":0.0001,"18":0.0001,"19":0.0001,"20":0.0001,"21":0.0001,"22":0.0001},"times":{"0":{"start":"2021-03-08 22:57:24.858862","end":"2021-03-09 00:30:37.718669","elapsed":5592.934530735},"1":{"start":"2021-03-09 00:30:37.840700","end":"2021-03-09 02:05:19.090992","elapsed":5681.2781038284},"2":{"start":"2021-03-09 02:05:19.206086","end":"2021-03-09 03:37:20.664045","elapsed":5521.5590825081},"3":{"start":"2021-03-09 03:37:20.805891","end":"2021-03-09 05:13:57.907635","elapsed":5801.2192144394},"4":{"start":"2021-03-09 05:14:02.025355","end":"2021-03-09 07:22:13.659162","elapsed":7695.0710873604},"5":{"start":"2021-03-09 07:22:21.787932","end":"2021-03-09 09:43:16.400044","elapsed":8480.0121443272},"6":{"start":"2021-03-09 09:43:42.502288","end":"2021-03-09 11:45:03.770319","elapsed":7281.3552992344},"7":{"start":"2021-03-09 11:45:03.897080","end":"2021-03-09 13:19:12.700379","elapsed":5655.9547457695},"8":{"start":"2021-03-09 13:19:19.851996","end":"2021-03-09 15:05:22.388126","elapsed":6374.0639777184},"9":{"start":"2021-03-09 15:05:44.573141","end":"2021-03-09 17:21:31.278543","elapsed":8163.1092021465},"10":{"start":"2021-03-09 17:21:54.869105","end":"2021-03-09 19:55:45.557478","elapsed":9235.1645898819},"11":{"start":"2021-03-09 19:55:53.413063","end":"2021-03-09 22:26:10.993477","elapsed":9028.8157801628},"12":{"start":"2021-03-09 22:26:25.846867","end":"2021-03-10 01:21:26.788029","elapsed":10501.3278062344},"13":{"start":"2021-03-10 01:21:27.543214","end":"2021-03-10 03:33:07.127501","elapsed":7899.6491599083},"14":{"start":"2021-03-10 03:33:07.195212","end":"2021-03-10 05:04:42.872015","elapsed":5495.710439682},"15":{"start":"2021-03-10 05:04:42.905796","end":"2021-03-10 06:36:40.441404","elapsed":5517.6721634865},"16":{"start":"2021-03-10 06:36:40.614366","end":"2021-03-10 08:10:58.875958","elapsed":5658.4806761742},"17":{"start":"2021-03-10 08:10:59.216579","end":"2021-03-10 09:43:10.936753","elapsed":5531.9057502747},"18":{"start":"2021-03-10 09:43:11.165433","end":"2021-03-10 11:19:23.261195","elapsed":5772.1716418266},"19":{"start":"2021-03-10 11:19:23.408252","end":"2021-03-10 13:18:19.242761","elapsed":7135.8345410824},"20":{"start":"2021-03-10 13:18:19.304169","end":"2021-03-10 14:49:44.714168","elapsed":5485.4100418091},"21":{"start":"2021-03-10 14:49:44.714362","end":"2021-03-10 16:20:39.576642","elapsed":5454.9275228977},"22":{"start":"2021-03-10 16:20:39.645626","end":"2021-03-11 15:11:12.852376","elapsed":82233.4220516682}}}