{"val_loss":{"0":784.5820474064,"1":770.6202572093,"2":742.5845241173,"3":734.4700095981,"4":728.9524105296,"5":724.0507321825,"6":724.5863871855,"7":717.738377889,"8":715.2992227592,"9":714.5557874792,"10":719.1331200693,"11":712.4977150711,"12":722.366146312,"13":714.9927921669,"14":712.3334494198,"15":715.0461039824,"16":718.2901440789,"17":718.2941403856,"18":718.4725213144,"19":718.4456778134},"val_profile_predictions_loss":{"0":739.62635145,"1":714.9080822515,"2":706.8654844995,"3":699.1521438898,"4":697.1439038445,"5":692.2213667327,"6":690.3898937749,"7":688.2043193742,"8":686.0396728516,"9":686.1151103599,"10":686.3351521212,"11":684.4644314635,"12":684.9748409496,"13":685.7371087168,"14":683.0725806741,"15":683.7020661597,"16":685.4466813031,"17":685.2160608628,"18":685.0210780723,"19":684.4280048445},"val_logcount_predictions_loss":{"0":0.449556952,"1":0.5571217512,"2":0.3571903913,"3":0.3531786643,"4":0.3180850848,"5":0.318293653,"6":0.341964955,"7":0.2953405972,"8":0.2925955076,"9":0.2844067705,"10":0.3279796682,"11":0.2803328428,"12":0.3739130609,"13":0.2925568292,"14":0.292608681,"15":0.3134403649,"16":0.328434642,"17":0.3307807736,"18":0.334514412,"19":0.340176738},"loss":{"0":903.251974323,"1":793.2121573386,"2":771.4141460127,"3":760.6021787303,"4":751.5230812483,"5":745.5285082247,"6":740.5374006839,"7":736.0660148642,"8":732.1233755312,"9":728.695018978,"10":725.3712049619,"11":722.2487214086,"12":719.2402249344,"13":716.5181848802,"14":708.2205651821,"15":705.3276412834,"16":703.2510350387,"17":698.0234868123,"18":696.4586770206,"19":693.7206529482},"profile_predictions_loss":{"0":802.8018628345,"1":747.1408374646,"2":730.6267252719,"3":722.5639246263,"4":716.2977524539,"5":711.5876919927,"6":707.9921258251,"7":704.9298309067,"8":702.4841846671,"9":700.3211229708,"10":698.5432444975,"11":697.2421926525,"12":695.8791023924,"13":695.0258857878,"14":691.6443411246,"15":690.7696294595,"16":690.1689142935,"17":688.2800116607,"18":687.8254797052,"19":686.846313978},"logcount_predictions_loss":{"0":1.0045011257,"1":0.4607131974,"2":0.4078742136,"3":0.3803825382,"4":0.3522532934,"5":0.3394081663,"6":0.3254527465,"7":0.3113618365,"8":0.2963919057,"9":0.2837389562,"10":0.2682796075,"11":0.2500652918,"12":0.2336112214,"13":0.2149229887,"14":0.1657622404,"15":0.1455801127,"16":0.1308212028,"17":0.0974347461,"18":0.0863319727,"19":0.068743397},"lr":{"0":0.001,"1":0.001,"2":0.001,"3":0.001,"4":0.001,"5":0.001,"6":0.001,"7":0.001,"8":0.001,"9":0.001,"10":0.001,"11":0.001,"12":0.001,"13":0.001,"14":0.0005,"15":0.0005,"16":0.0005,"17":0.00025,"18":0.00025,"19":0.000125},"times":{"0":{"start":"2020-06-25 01:31:28.164821","end":"2020-06-25 02:09:24.875961","elapsed":2276.7112102509},"1":{"start":"2020-06-25 02:09:24.876151","end":"2020-06-25 02:47:05.577252","elapsed":2260.7011303902},"2":{"start":"2020-06-25 02:47:05.577380","end":"2020-06-25 03:24:56.906504","elapsed":2271.3291618824},"3":{"start":"2020-06-25 03:24:56.906674","end":"2020-06-25 04:02:39.789280","elapsed":2262.8826417923},"4":{"start":"2020-06-25 04:02:39.789503","end":"2020-06-25 04:40:22.782150","elapsed":2262.9926810265},"5":{"start":"2020-06-25 04:40:22.782310","end":"2020-06-25 05:18:05.894228","elapsed":2263.1119573116},"6":{"start":"2020-06-25 05:18:05.894402","end":"2020-06-25 05:55:47.208899","elapsed":2261.3145232201},"7":{"start":"2020-06-25 05:55:47.208999","end":"2020-06-25 06:33:27.855125","elapsed":2260.6461629868},"8":{"start":"2020-06-25 06:33:27.855306","end":"2020-06-25 07:11:11.340654","elapsed":2263.4853832722},"9":{"start":"2020-06-25 07:11:11.340814","end":"2020-06-25 07:48:55.473691","elapsed":2264.1329193115},"10":{"start":"2020-06-25 07:48:55.473871","end":"2020-06-25 08:26:40.276372","elapsed":2264.8025364876},"11":{"start":"2020-06-25 08:26:40.276526","end":"2020-06-25 09:04:23.226530","elapsed":2262.9500391483},"12":{"start":"2020-06-25 09:04:23.226669","end":"2020-06-25 09:42:04.672401","elapsed":2261.4457838535},"13":{"start":"2020-06-25 09:42:04.672584","end":"2020-06-25 10:19:46.176549","elapsed":2261.5040020943},"14":{"start":"2020-06-25 10:19:46.176699","end":"2020-06-25 10:57:27.617957","elapsed":2261.441298008},"15":{"start":"2020-06-25 10:57:27.618142","end":"2020-06-25 11:35:08.991268","elapsed":2261.3731617928},"16":{"start":"2020-06-25 11:35:08.991413","end":"2020-06-25 12:12:51.994150","elapsed":2263.0027711391},"17":{"start":"2020-06-25 12:12:51.994300","end":"2020-06-25 12:50:33.915684","elapsed":2261.9214298725},"18":{"start":"2020-06-25 12:50:33.915887","end":"2020-06-25 13:28:18.659454","elapsed":2264.7435977459},"19":{"start":"2020-06-25 13:28:18.659580","end":"2020-06-25 14:06:08.622615","elapsed":2269.9630758762}}}