{"val_loss":{"0":583.1507852433,"1":570.3571957527,"2":559.389568897,"3":546.8173045706,"4":554.5469486967,"5":538.519008393,"6":537.9084277863,"7":542.9187907767,"8":532.7689814466,"9":537.3333741858,"10":526.3207507844,"11":528.1567338984,"12":547.1614420465,"13":524.7015713631,"14":522.7245577548,"15":526.9523055706,"16":524.3810676412,"17":526.9517030107,"18":527.2809492071,"19":530.8841403393},"val_profile_predictions_loss":{"0":529.4392554101,"1":520.6945760199,"2":509.8573598659,"3":501.4609711018,"4":499.7228091625,"5":495.6931238377,"6":495.3040031271,"7":492.3060551096,"8":490.3009521809,"9":488.4882971581,"10":487.814985397,"11":488.366812848,"12":486.3145888308,"13":485.2165261127,"14":484.9823139272,"15":485.8701821185,"16":484.8151860339,"17":485.613235636,"18":485.5659259228,"19":486.2342717597},"val_logcount_predictions_loss":{"0":0.5371152854,"1":0.4966261864,"2":0.4953220769,"3":0.4535633349,"4":0.5482413829,"5":0.4282588439,"6":0.4260442544,"7":0.5061273581,"8":0.4246802885,"9":0.4884507775,"10":0.3850576511,"11":0.3978992047,"12":0.6084685254,"13":0.3948504434,"14":0.3774224374,"15":0.4108212091,"16":0.39565882,"17":0.4133846869,"18":0.4171502325,"19":0.446498688},"loss":{"0":955.5505732819,"1":609.9418355664,"2":593.0541528673,"3":579.7256126787,"4":572.4477039893,"5":567.641704636,"6":562.5126169674,"7":558.1884771567,"8":554.1661290883,"9":551.0275550919,"10":548.1279674319,"11":545.2131041139,"12":542.2971831854,"13":535.1792173913,"14":531.6696124245,"15":528.5062779949,"16":524.9046363639,"17":518.4203117026,"18":515.7226494832,"19":511.9856715753},"profile_predictions_loss":{"0":591.5181647449,"1":553.8895417218,"2":542.0078298482,"3":531.4682713034,"4":525.4411230039,"5":521.8327059338,"6":518.558670274,"7":515.4914404903,"8":512.9739089276,"9":511.0627086582,"10":509.5138059261,"11":507.9271492311,"12":506.9617890784,"13":504.2135285996,"14":503.363049742,"15":502.8146483263,"16":502.2119478197,"17":500.8128674953,"18":500.4174193569,"19":499.7903164619},"logcount_predictions_loss":{"0":3.6403242572,"1":0.5605229413,"2":0.5104632249,"3":0.4825734195,"4":0.4700658155,"5":0.4580899873,"6":0.4395394615,"7":0.4269703759,"8":0.4119222019,"9":0.3996484695,"10":0.3861416199,"11":0.3728595483,"12":0.3533539428,"13":0.3096568889,"14":0.2830656236,"15":0.2569163009,"16":0.2269268856,"17":0.1760744482,"18":0.1530522971,"19":0.1219535555},"lr":{"0":0.001,"1":0.001,"2":0.001,"3":0.001,"4":0.001,"5":0.001,"6":0.001,"7":0.001,"8":0.001,"9":0.001,"10":0.001,"11":0.001,"12":0.001,"13":0.0005,"14":0.0005,"15":0.0005,"16":0.0005,"17":0.00025,"18":0.00025,"19":0.000125},"times":{"0":{"start":"2020-06-27 20:57:20.594171","end":"2020-06-27 21:25:23.246242","elapsed":1682.6521391869},"1":{"start":"2020-06-27 21:25:23.246421","end":"2020-06-27 21:52:23.606967","elapsed":1620.3605780602},"2":{"start":"2020-06-27 21:52:23.607147","end":"2020-06-27 22:19:25.673574","elapsed":1622.066470623},"3":{"start":"2020-06-27 22:19:25.689095","end":"2020-06-27 22:46:30.304119","elapsed":1624.6150519848},"4":{"start":"2020-06-27 22:46:30.304258","end":"2020-06-27 23:13:32.341939","elapsed":1622.0377178192},"5":{"start":"2020-06-27 23:13:32.342119","end":"2020-06-27 23:40:34.661772","elapsed":1622.3196783066},"6":{"start":"2020-06-27 23:40:34.661912","end":"2020-06-28 00:07:38.105140","elapsed":1623.4432556629},"7":{"start":"2020-06-28 00:07:38.105282","end":"2020-06-28 00:34:39.317034","elapsed":1621.2117784023},"8":{"start":"2020-06-28 00:34:39.317190","end":"2020-06-28 01:01:40.350056","elapsed":1621.0328934193},"9":{"start":"2020-06-28 01:01:40.350200","end":"2020-06-28 01:28:40.960690","elapsed":1620.6105177402},"10":{"start":"2020-06-28 01:28:40.960850","end":"2020-06-28 01:55:39.002903","elapsed":1618.0420696735},"11":{"start":"2020-06-28 01:55:39.002985","end":"2020-06-28 02:22:37.484829","elapsed":1618.4818608761},"12":{"start":"2020-06-28 02:22:37.484906","end":"2020-06-28 02:49:35.403535","elapsed":1617.918651104},"13":{"start":"2020-06-28 02:49:35.403653","end":"2020-06-28 03:16:31.320654","elapsed":1615.9170231819},"14":{"start":"2020-06-28 03:16:31.320785","end":"2020-06-28 03:43:30.873324","elapsed":1619.5525555611},"15":{"start":"2020-06-28 03:43:30.873401","end":"2020-06-28 04:10:29.337554","elapsed":1618.4641759396},"16":{"start":"2020-06-28 04:10:29.337687","end":"2020-06-28 04:37:29.779870","elapsed":1620.4422075748},"17":{"start":"2020-06-28 04:37:29.795268","end":"2020-06-28 05:04:32.613702","elapsed":1622.8184666634},"18":{"start":"2020-06-28 05:04:32.613846","end":"2020-06-28 05:31:56.970114","elapsed":1644.3562858105},"19":{"start":"2020-06-28 05:31:56.970189","end":"2020-06-28 05:59:05.414823","elapsed":1628.4446558952}}}