cell_states	ZBTB(GGGGTC)	ZEB(CAGGTG)
1	-0.06332921981811523	-0.011111736297607422
2	-0.1328427791595459	-0.05767059326171875
4	-0.37265193462371826	-0.27875447273254395
5	-0.20815348625183105	-0.39925551414489746
7	-0.09616208076477051	-0.024569272994995117
8	-0.18564295768737793	-0.11157989501953125
10	-0.12260055541992188	-0.29265499114990234
12	-0.15812885761260986	-0.16674625873565674
13	-0.0843346118927002	-0.14612960815429688
16	-0.04615306854248047	-0.013537406921386719
