{"val_loss":{"0":798.7001940139,"1":784.5731279089,"2":763.380545888,"3":754.7611141124,"4":753.1285158847,"5":744.6565834857,"6":740.6620584691,"7":741.3430375769,"8":737.057081117,"9":740.3315307617,"10":736.1375854492,"11":738.5665488385,"12":736.7228593542,"13":735.034658359,"14":735.5051479908,"15":736.4634277344,"16":737.6183453499,"17":739.1100861245,"18":739.5930908203},"val_profile_predictions_loss":{"0":759.6398806308,"1":741.822003044,"2":730.3589067175,"3":723.2772351853,"4":717.789377805,"5":716.764037047,"6":713.0427046106,"7":713.210667387,"8":710.0432648354,"9":712.8487070936,"10":710.5258817632,"11":710.6782790164,"12":711.0074639503,"13":708.9371278154,"14":709.7406642183,"15":709.5445673516,"16":710.2989572079,"17":710.7743003034,"18":710.196311139},"val_logcount_predictions_loss":{"0":0.3906031502,"1":0.4275112509,"2":0.3302164045,"3":0.3148387904,"4":0.3533913796,"5":0.2789254648,"6":0.2761935375,"7":0.2813236922,"8":0.2701381422,"9":0.2748282445,"10":0.2561170559,"11":0.2788826697,"12":0.2571539474,"13":0.2609753058,"14":0.2576448066,"15":0.2691886117,"16":0.2731938834,"17":0.2833578584,"18":0.2939678011},"loss":{"0":879.2217700344,"1":806.415894977,"2":785.328161516,"3":774.2436605065,"4":767.1417009997,"5":762.066968027,"6":757.5073859651,"7":753.6492335543,"8":751.008890695,"9":748.1208845484,"10":745.2770275359,"11":743.3041601674,"12":740.9303399021,"13":733.9999035929,"14":731.7376038031,"15":729.7597204516,"16":724.8696917657,"17":723.2905703837,"18":720.2492230231},"profile_predictions_loss":{"0":816.5343707393,"1":766.6924837648,"2":750.134436703,"3":741.0426581942,"4":735.4039334777,"5":731.6111205931,"6":728.2941488558,"7":725.7217318178,"8":723.9368296336,"9":722.1094752411,"10":720.5581615259,"11":719.4092468756,"12":718.244378458,"13":714.8591910906,"14":713.9859653461,"15":713.4124308454,"16":711.7060355792,"17":711.2698402907,"18":710.1569161922},"logcount_predictions_loss":{"0":0.6268739945,"1":0.3972341127,"2":0.3519372475,"3":0.3320100283,"4":0.3173776704,"5":0.304558473,"6":0.2921323679,"7":0.2792750244,"8":0.2707206092,"9":0.2601141034,"10":0.2471886606,"11":0.2389491334,"12":0.2268596168,"13":0.1914071248,"14":0.1775163808,"15":0.1634728944,"16":0.1316365665,"17":0.1202073031,"18":0.1009230652},"lr":{"0":0.001,"1":0.001,"2":0.001,"3":0.001,"4":0.001,"5":0.001,"6":0.001,"7":0.001,"8":0.001,"9":0.001,"10":0.001,"11":0.001,"12":0.001,"13":0.0005,"14":0.0005,"15":0.0005,"16":0.00025,"17":0.00025,"18":0.000125},"times":{"0":{"start":"2020-06-27 21:05:52.107285","end":"2020-06-27 21:41:09.967207","elapsed":2117.859994173},"1":{"start":"2020-06-27 21:41:09.972425","end":"2020-06-27 22:15:23.552400","elapsed":2053.5799953938},"2":{"start":"2020-06-27 22:15:23.557597","end":"2020-06-27 22:49:37.211858","elapsed":2053.6542799473},"3":{"start":"2020-06-27 22:49:37.211935","end":"2020-06-27 23:23:50.978813","elapsed":2053.7668950558},"4":{"start":"2020-06-27 23:23:50.978900","end":"2020-06-27 23:58:04.904074","elapsed":2053.9251942635},"5":{"start":"2020-06-27 23:58:04.904157","end":"2020-06-28 00:32:15.703563","elapsed":2050.7994241714},"6":{"start":"2020-06-28 00:32:15.703636","end":"2020-06-28 01:06:30.238863","elapsed":2054.5352458954},"7":{"start":"2020-06-28 01:06:30.238939","end":"2020-06-28 01:40:43.365944","elapsed":2053.1270234585},"8":{"start":"2020-06-28 01:40:43.366046","end":"2020-06-28 02:14:54.691659","elapsed":2051.3256292343},"9":{"start":"2020-06-28 02:14:54.691739","end":"2020-06-28 02:49:00.965914","elapsed":2046.2742099762},"10":{"start":"2020-06-28 02:49:00.966113","end":"2020-06-28 03:23:09.785354","elapsed":2048.819262743},"11":{"start":"2020-06-28 03:23:09.790542","end":"2020-06-28 03:57:19.128116","elapsed":2049.3375916481},"12":{"start":"2020-06-28 03:57:19.128203","end":"2020-06-28 04:31:30.407769","elapsed":2051.279589653},"13":{"start":"2020-06-28 04:31:30.412996","end":"2020-06-28 05:05:45.199385","elapsed":2054.7864084244},"14":{"start":"2020-06-28 05:05:45.199478","end":"2020-06-28 05:39:57.532295","elapsed":2052.3328335285},"15":{"start":"2020-06-28 05:39:57.532366","end":"2020-06-28 06:14:08.044348","elapsed":2050.5120015144},"16":{"start":"2020-06-28 06:14:08.059761","end":"2020-06-28 06:48:20.967771","elapsed":2052.9080309868},"17":{"start":"2020-06-28 06:48:20.967847","end":"2020-06-28 07:22:35.711660","elapsed":2054.7438297272},"18":{"start":"2020-06-28 07:22:35.711731","end":"2020-06-28 07:56:55.625335","elapsed":2059.913623333}}}