{"val_loss":{"0":715.3978028529,"1":696.0186912759,"2":686.3964105995,"3":675.0701477643,"4":666.9495440733,"5":665.8253197531,"6":663.0677179133,"7":661.1600318094,"8":661.3378769958,"9":656.5104633813,"10":656.8237986148,"11":657.5739070559,"12":657.6023983261,"13":656.4423484432,"14":656.8429449878,"15":660.055881241,"16":658.245154816,"17":660.2577627238,"18":660.6541983595},"val_profile_predictions_loss":{"0":665.9350073361,"1":645.1379219722,"2":638.7865871689,"3":632.6677453495,"4":626.79437404,"5":626.003623592,"6":624.6645687066,"7":621.8921581379,"8":621.9410027069,"9":620.0092081607,"10":620.6926721369,"11":619.1824468224,"12":617.9038385188,"13":618.0954558734,"14":618.0201928592,"15":619.2118293244,"16":617.8291991891,"17":618.0801542708,"18":618.1231353167},"val_logcount_predictions_loss":{"0":0.4946279419,"1":0.5088077001,"2":0.4760982292,"3":0.4240240243,"4":0.4015516786,"5":0.3982169496,"6":0.3840314906,"7":0.3926787436,"8":0.3939687205,"9":0.3650125876,"10":0.3613112762,"11":0.3839146025,"12":0.3969856208,"13":0.3834689189,"14":0.3882275162,"15":0.4084405252,"16":0.4041595706,"17":0.4217760804,"18":0.4253106271},"loss":{"0":911.2142158356,"1":739.3031635687,"2":717.8188463347,"3":706.9248635317,"4":699.8027844377,"5":693.8427574049,"6":688.8713457504,"7":685.1449036166,"8":680.989028296,"9":677.7149479967,"10":674.3097398372,"11":670.5619809925,"12":661.9679734972,"13":658.423863581,"14":655.2722248827,"15":652.620689266,"16":646.2690114078,"17":644.1961349444,"18":640.70498732},"profile_predictions_loss":{"0":727.4073553449,"1":688.0537789456,"2":671.1758207403,"3":663.4410640532,"4":657.7462962615,"5":653.534676072,"6":650.1193073153,"7":647.5898872571,"8":645.3301737815,"9":643.3102836935,"10":641.6075786362,"11":639.9858165426,"12":636.6564695179,"13":635.5312291854,"14":634.8728310436,"15":634.3771453944,"16":632.4068464056,"17":631.9614573422,"18":630.9535160249},"logcount_predictions_loss":{"0":1.838068564,"1":0.5124938384,"2":0.4664302578,"3":0.4348379909,"4":0.4205648868,"5":0.4030808169,"6":0.3875203828,"7":0.3755501591,"8":0.3565885436,"9":0.3440466435,"10":0.3270216085,"11":0.3057616479,"12":0.2531150363,"13":0.2289263457,"14":0.2039939358,"15":0.1824354432,"16":0.1386216468,"17":0.1223467721,"18":0.0975147113},"lr":{"0":0.001,"1":0.001,"2":0.001,"3":0.001,"4":0.001,"5":0.001,"6":0.001,"7":0.001,"8":0.001,"9":0.001,"10":0.001,"11":0.001,"12":0.0005,"13":0.0005,"14":0.0005,"15":0.0005,"16":0.00025,"17":0.00025,"18":0.000125},"times":{"0":{"start":"2020-06-27 15:26:14.173190","end":"2020-06-27 16:04:13.823611","elapsed":2279.6505200863},"1":{"start":"2020-06-27 16:04:13.823782","end":"2020-06-27 16:41:41.635283","elapsed":2247.8115353584},"2":{"start":"2020-06-27 16:41:41.635460","end":"2020-06-27 17:19:06.710522","elapsed":2245.075101614},"3":{"start":"2020-06-27 17:19:06.710702","end":"2020-06-27 17:56:32.939365","elapsed":2246.2286963463},"4":{"start":"2020-06-27 17:56:32.939534","end":"2020-06-27 18:33:58.433865","elapsed":2245.4943716526},"5":{"start":"2020-06-27 18:33:58.469845","end":"2020-06-27 19:11:25.037339","elapsed":2246.5675265789},"6":{"start":"2020-06-27 19:11:25.037481","end":"2020-06-27 19:48:50.506801","elapsed":2245.4693589211},"7":{"start":"2020-06-27 19:48:50.517253","end":"2020-06-27 20:26:14.917230","elapsed":2244.4000091553},"8":{"start":"2020-06-27 20:26:14.917375","end":"2020-06-27 21:03:37.310377","elapsed":2242.3930358887},"9":{"start":"2020-06-27 21:03:37.310539","end":"2020-06-27 21:41:00.235991","elapsed":2242.9254829884},"10":{"start":"2020-06-27 21:41:00.236135","end":"2020-06-27 22:18:24.215494","elapsed":2243.9793875217},"11":{"start":"2020-06-27 22:18:24.215645","end":"2020-06-27 22:55:49.123555","elapsed":2244.9079515934},"12":{"start":"2020-06-27 22:55:49.123768","end":"2020-06-27 23:33:14.622637","elapsed":2245.4988925457},"13":{"start":"2020-06-27 23:33:14.622741","end":"2020-06-28 00:10:39.561417","elapsed":2244.9387021065},"14":{"start":"2020-06-28 00:10:39.561544","end":"2020-06-28 00:48:07.440193","elapsed":2247.9176280499},"15":{"start":"2020-06-28 00:48:07.521132","end":"2020-06-28 01:25:47.922986","elapsed":2260.4018874168},"16":{"start":"2020-06-28 01:25:47.923159","end":"2020-06-28 02:03:15.664660","elapsed":2247.7415294647},"17":{"start":"2020-06-28 02:03:15.664824","end":"2020-06-28 02:40:43.310943","elapsed":2247.6461546421},"18":{"start":"2020-06-28 02:40:43.311110","end":"2020-06-28 03:18:15.398913","elapsed":2252.0878434181}}}