{"val_loss":{"0":1034.4827445441,"1":981.3367410444,"2":960.4696748486,"3":929.0909674098,"4":927.4016385258,"5":910.6266671025,"6":910.7117958228,"7":899.3661838675,"8":903.7999211395,"9":901.1485146239,"10":895.4925849946,"11":894.8829645771,"12":895.2915714535,"13":899.0999628171,"14":894.3355765243,"15":895.708088384,"16":895.6213431259,"17":897.6859475619,"18":896.8835774825,"19":897.0224650235},"val_profile_predictions_loss":{"0":923.9498517024,"1":897.8807477752,"2":877.6916924002,"3":865.122849213,"4":858.3495286758,"5":853.9338717281,"6":851.2078010846,"7":847.1867467649,"8":849.2548019856,"9":849.7971291003,"10":845.8344444371,"11":846.1589483157,"12":844.8627739431,"13":847.8153862734,"14":845.1458436335,"15":845.2503967285,"16":845.5891276723,"17":846.1722800283,"18":846.241615072,"19":846.2176703928},"val_logcount_predictions_loss":{"0":1.1053289426,"1":0.8345599401,"2":0.8277798308,"3":0.6396811722,"4":0.6905210915,"5":0.5669279572,"6":0.5950399344,"7":0.521794365,"8":0.5454512022,"9":0.5135138571,"10":0.4965813972,"11":0.4872401617,"12":0.5042879762,"13":0.5128457748,"14":0.4918973322,"15":0.5045769121,"16":0.5003221667,"17":0.5151366746,"18":0.5064196156,"19":0.5080479444},"loss":{"0":1343.378417338,"1":1060.231190596,"2":1017.3557210022,"3":992.3521995187,"4":973.474933297,"5":958.9750858775,"6":949.1515488261,"7":941.5967242501,"8":935.1380408997,"9":929.8954954911,"10":916.3538074966,"11":911.8219202432,"12":908.5782348515,"13":905.7657287642,"14":898.3330030746,"15":895.8373340624,"16":894.0652928461,"17":889.6477228855,"18":888.5120834648,"19":886.9465644175},"profile_predictions_loss":{"0":1044.2813147316,"1":960.8627063373,"2":936.1635739107,"3":920.1863152784,"4":908.606452676,"5":900.8153733609,"6":895.7948113487,"7":892.1153179115,"8":889.1364021329,"9":886.7536107113,"10":880.2997299667,"11":878.0585472512,"12":876.7796776223,"13":875.6470453381,"14":872.3581734098,"15":871.4516900064,"16":870.7141582523,"17":868.8664436074,"18":868.5244732934,"19":867.9305921141},"logcount_predictions_loss":{"0":2.9909709711,"1":0.9936848446,"2":0.8119214718,"3":0.7216588417,"4":0.6486848103,"5":0.5815971244,"6":0.5335673786,"7":0.4948140593,"8":0.4600163875,"9":0.4314188466,"10":0.3605407746,"11":0.33763373,"12":0.3179855768,"13":0.3011868299,"14":0.2597482915,"15":0.2438564409,"16":0.2335113486,"17":0.2078127915,"18":0.1998761014,"19":0.1901597185},"lr":{"0":0.001,"1":0.001,"2":0.001,"3":0.001,"4":0.001,"5":0.001,"6":0.001,"7":0.001,"8":0.001,"9":0.001,"10":0.0005,"11":0.0005,"12":0.0005,"13":0.0005,"14":0.00025,"15":0.00025,"16":0.00025,"17":0.000125,"18":0.000125,"19":0.0001},"times":{"0":{"start":"2021-04-15 09:33:49.433632","end":"2021-04-15 10:47:45.190487","elapsed":4435.7569088936},"1":{"start":"2021-04-15 10:47:45.190623","end":"2021-04-15 11:59:43.664930","elapsed":4318.4743363857},"2":{"start":"2021-04-15 11:59:43.665088","end":"2021-04-15 13:11:22.058033","elapsed":4298.392976284},"3":{"start":"2021-04-15 13:11:22.058197","end":"2021-04-15 14:23:17.831805","elapsed":4315.7736437321},"4":{"start":"2021-04-15 14:23:17.831983","end":"2021-04-15 15:35:27.045504","elapsed":4329.2135622501},"5":{"start":"2021-04-15 15:35:27.045694","end":"2021-04-15 16:47:35.128438","elapsed":4328.0827772617},"6":{"start":"2021-04-15 16:47:35.128629","end":"2021-04-15 17:59:16.536702","elapsed":4301.4081101418},"7":{"start":"2021-04-15 17:59:16.536895","end":"2021-04-15 19:10:57.119132","elapsed":4300.5957801342},"8":{"start":"2021-04-15 19:10:57.143384","end":"2021-04-15 20:23:20.510449","elapsed":4343.4549722672},"9":{"start":"2021-04-15 20:23:20.660199","end":"2021-04-15 21:35:11.024276","elapsed":4310.3960053921},"10":{"start":"2021-04-15 21:35:11.056368","end":"2021-04-15 22:48:18.647960","elapsed":4387.6947822571},"11":{"start":"2021-04-15 22:48:18.773313","end":"2021-04-16 00:00:24.068418","elapsed":4325.2951340675},"12":{"start":"2021-04-16 00:00:24.068604","end":"2021-04-16 01:12:03.637924","elapsed":4299.6467730999},"13":{"start":"2021-04-16 01:12:03.744527","end":"2021-04-16 02:24:30.836797","elapsed":4347.1156520844},"14":{"start":"2021-04-16 02:24:30.860320","end":"2021-04-16 03:36:18.185754","elapsed":4307.4004254341},"15":{"start":"2021-04-16 03:36:18.313291","end":"2021-04-16 04:48:43.559298","elapsed":4345.3300797939},"16":{"start":"2021-04-16 04:48:43.669313","end":"2021-04-16 06:00:16.350278","elapsed":4292.713309288},"17":{"start":"2021-04-16 06:00:16.382799","end":"2021-04-16 07:12:05.432460","elapsed":4309.2465083599},"18":{"start":"2021-04-16 07:12:05.669626","end":"2021-04-16 08:23:53.797866","elapsed":4308.2344725132},"19":{"start":"2021-04-16 08:23:53.968954","end":"2021-04-16 09:36:34.855387","elapsed":4360.9106605053}}}