{"val_loss":{"0":328.3175506592,"1":318.6626795719,"2":317.3789560418,"3":315.8049220035,"4":315.8729946739,"5":314.0134116725,"6":313.1347222579,"7":312.9747675845,"8":312.7626921001,"9":312.1679502788,"10":312.0774793123,"11":312.8843584563,"12":311.348474603,"13":311.9281535902,"14":312.23813589,"15":310.796840467,"16":310.7287412945,"17":311.1778154875,"18":311.5717773438,"19":310.3130316483,"20":310.2307795474,"21":310.2517443205,"22":310.1235544305,"23":310.0705911737,"24":310.0371752287,"25":310.0962211207,"26":310.6923579166,"27":309.9657199257,"28":310.2896889134,"29":309.8537268388,"30":309.9532880281,"31":310.6424167031,"32":309.7618930214,"33":309.9319345575,"34":309.9791741622,"35":309.8744298031,"36":309.8110592491,"37":309.9653400622},"val_profile_predictions_loss":{"0":318.7260798404,"1":310.1375780608,"2":308.5499388042,"3":307.6217980636,"4":307.1494999936,"5":306.2808974417,"6":305.7351724725,"7":305.5231082314,"8":305.4058436344,"9":305.1694898103,"10":304.9451631245,"11":304.7866845382,"12":304.6003907856,"13":304.6634176154,"14":304.5652883429,"15":304.6093790155,"16":304.4732160066,"17":304.4403341193,"18":304.3466234709,"19":304.2856140137,"20":304.2855208547,"21":304.3786203485,"22":304.2327270508,"23":304.2199466103,"24":304.2080487703,"25":304.2346697356,"26":304.3882076866,"27":304.2396497225,"28":304.2033827932,"29":304.1811049612,"30":304.2223856073,"31":304.2524775455,"32":304.118304604,"33":304.2472124602,"34":304.3588096217,"35":304.1147316381,"36":304.2024303236,"37":304.3506790964},"val_logcount_predictions_loss":{"0":0.0959147095,"1":0.0852510237,"2":0.0882901567,"3":0.0818312563,"4":0.0872349509,"5":0.0773251286,"6":0.073995482,"7":0.0745166084,"8":0.0735684881,"9":0.0699846006,"10":0.0713231778,"11":0.0809767633,"12":0.0674808311,"13":0.0726473618,"14":0.076728472,"15":0.061874636,"16":0.0625552656,"17":0.0673748175,"18":0.072251542,"19":0.0602741957,"20":0.0594525933,"21":0.058731231,"22":0.058908265,"23":0.0585064499,"24":0.0582912753,"25":0.0586155018,"26":0.0630415093,"27":0.0572607243,"28":0.0608630699,"29":0.0567262266,"30":0.0573090351,"31":0.0638994191,"32":0.0564358504,"33":0.0568472462,"34":0.0562036494,"35":0.0575969879,"36":0.0560862823,"37":0.0561466159},"loss":{"0":407.5654227094,"1":321.6469265077,"2":315.9189455916,"3":313.9232893223,"4":312.8856357481,"5":311.8264904487,"6":310.8420071486,"7":310.6363977572,"8":309.9719113606,"9":309.5439436378,"10":309.1172891012,"11":309.0452244456,"12":308.607689369,"13":308.5587732269,"14":308.2720185257,"15":307.8492560038,"16":307.3743416391,"17":307.4363945752,"18":307.4071174249,"19":306.8598935197,"20":306.8578045543,"21":306.6876777091,"22":306.5564760348,"23":306.5776611886,"24":306.7448041032,"25":306.563304529,"26":306.2298154133,"27":306.1585080217,"28":306.2179537517,"29":305.9819432701,"30":305.9719429016,"31":305.9844569695,"32":305.6999272602,"33":305.9263210762,"34":305.5789646056,"35":305.3365654364,"36":305.4235599797,"37":305.3271205251},"profile_predictions_loss":{"0":321.586002629,"1":312.4922578393,"2":306.6305012587,"3":305.1933788207,"4":304.4256812305,"5":303.6340189678,"6":302.8837071861,"7":302.6561819867,"8":302.1895375135,"9":302.0008577486,"10":301.6375493305,"11":301.5624946036,"12":301.3443008051,"13":301.3077190678,"14":301.1899729473,"15":301.0431092425,"16":300.6592875225,"17":300.7152195442,"18":300.7009871878,"19":300.4501927073,"20":300.5235599425,"21":300.3507323847,"22":300.2055534735,"23":300.3059970577,"24":300.3794435641,"25":300.3037349422,"26":299.9572536189,"27":300.0521820813,"28":300.0909985798,"29":299.9619437427,"30":299.8551241247,"31":299.9310133399,"32":299.7344837654,"33":299.9869241482,"34":299.6592888251,"35":299.4954552999,"36":299.5796727436,"37":299.5166337548},"logcount_predictions_loss":{"0":0.8597942236,"1":0.091546687,"2":0.0928844437,"3":0.0872991057,"4":0.0845995416,"5":0.0819247153,"6":0.0795830065,"7":0.0798021571,"8":0.0778237379,"9":0.075430849,"10":0.0747974105,"11":0.0748272931,"12":0.0726338954,"13":0.0725105427,"14":0.070820451,"15":0.0680614671,"16":0.0671505421,"17":0.0672117513,"18":0.0670613083,"19":0.064097005,"20":0.0633424376,"21":0.0633694482,"22":0.0635092173,"23":0.0627166337,"24":0.0636536,"25":0.062595687,"26":0.0627256127,"27":0.061063253,"28":0.0612695516,"29":0.0602000015,"30":0.0611681905,"31":0.0605344353,"32":0.0596544238,"33":0.0593939701,"34":0.0591967513,"35":0.0584110995,"36":0.0584388837,"37":0.0581048741},"lr":{"0":0.0040000002,"1":0.0040000002,"2":0.0040000002,"3":0.0040000002,"4":0.0040000002,"5":0.0040000002,"6":0.0040000002,"7":0.0040000002,"8":0.0040000002,"9":0.0040000002,"10":0.0040000002,"11":0.0040000002,"12":0.0040000002,"13":0.0040000002,"14":0.0040000002,"15":0.0020000001,"16":0.0020000001,"17":0.0020000001,"18":0.0020000001,"19":0.001,"20":0.001,"21":0.001,"22":0.001,"23":0.001,"24":0.001,"25":0.001,"26":0.001,"27":0.0005,"28":0.0005,"29":0.0005,"30":0.0005,"31":0.0005,"32":0.00025,"33":0.00025,"34":0.00025,"35":0.000125,"36":0.000125,"37":0.0001},"times":{"0":{"start":"2021-02-04 23:28:30.929524","end":"2021-02-04 23:30:29.449238","elapsed":118.5197861195},"1":{"start":"2021-02-04 23:30:29.449465","end":"2021-02-04 23:32:05.727006","elapsed":96.2775859833},"2":{"start":"2021-02-04 23:32:05.727216","end":"2021-02-04 23:33:40.767864","elapsed":95.0406825542},"3":{"start":"2021-02-04 23:33:40.768023","end":"2021-02-04 23:35:17.284001","elapsed":96.5160226822},"4":{"start":"2021-02-04 23:35:17.284201","end":"2021-02-04 23:36:53.542859","elapsed":96.2586934566},"5":{"start":"2021-02-04 23:36:53.543021","end":"2021-02-04 23:38:27.082407","elapsed":93.5394191742},"6":{"start":"2021-02-04 23:38:27.092803","end":"2021-02-04 23:40:00.687709","elapsed":93.5949406624},"7":{"start":"2021-02-04 23:40:00.698072","end":"2021-02-04 23:41:35.413951","elapsed":94.7159152031},"8":{"start":"2021-02-04 23:41:35.414142","end":"2021-02-04 23:43:11.149389","elapsed":95.7352781296},"9":{"start":"2021-02-04 23:43:11.154629","end":"2021-02-04 23:44:47.276546","elapsed":96.1219460964},"10":{"start":"2021-02-04 23:44:47.286906","end":"2021-02-04 23:46:23.277072","elapsed":95.9901986122},"11":{"start":"2021-02-04 23:46:23.287439","end":"2021-02-04 23:47:55.827784","elapsed":92.5403726101},"12":{"start":"2021-02-04 23:47:55.843225","end":"2021-02-04 23:49:32.328497","elapsed":96.4853060246},"13":{"start":"2021-02-04 23:49:32.445597","end":"2021-02-04 23:51:06.500792","elapsed":94.055221796},"14":{"start":"2021-02-04 23:51:06.511148","end":"2021-02-04 23:52:41.897602","elapsed":95.3864841461},"15":{"start":"2021-02-04 23:52:41.897772","end":"2021-02-04 23:54:17.166143","elapsed":95.2683963776},"16":{"start":"2021-02-04 23:54:17.176494","end":"2021-02-04 23:55:52.339088","elapsed":95.1626310349},"17":{"start":"2021-02-04 23:55:52.354617","end":"2021-02-04 23:57:27.502508","elapsed":95.1479270458},"18":{"start":"2021-02-04 23:57:27.512870","end":"2021-02-04 23:59:01.150650","elapsed":93.637815237},"19":{"start":"2021-02-04 23:59:01.161045","end":"2021-02-05 00:00:37.067584","elapsed":95.9065771103},"20":{"start":"2021-02-05 00:00:37.067751","end":"2021-02-05 00:02:12.530747","elapsed":95.4630236626},"21":{"start":"2021-02-05 00:02:12.541051","end":"2021-02-05 00:03:46.477983","elapsed":93.9369630814},"22":{"start":"2021-02-05 00:03:46.488333","end":"2021-02-05 00:05:21.292010","elapsed":94.8037016392},"23":{"start":"2021-02-05 00:05:21.302374","end":"2021-02-05 00:06:56.238588","elapsed":94.9362521172},"24":{"start":"2021-02-05 00:06:56.248888","end":"2021-02-05 00:08:29.821377","elapsed":93.5725140572},"25":{"start":"2021-02-05 00:08:29.831738","end":"2021-02-05 00:10:06.069522","elapsed":96.2378225327},"26":{"start":"2021-02-05 00:10:06.069689","end":"2021-02-05 00:11:40.785527","elapsed":94.7158629894},"27":{"start":"2021-02-05 00:11:40.795863","end":"2021-02-05 00:13:14.158244","elapsed":93.3624284267},"28":{"start":"2021-02-05 00:13:14.158436","end":"2021-02-05 00:14:47.283288",